п»їobjectid,filename,creator,title,"page # out of 
total in letter ","# of total pages 
in letter",format,key words/phrase,date,description,photographer,item_size,LCSH,source,findingaid,rightsstatement,format.1,language,Unnamed: 19,Unnamed: 20
hs01,hs01.JPG,"Skillbred, Margaret","Page, ND 1a",1,3,image/jpg,Summer in Page,10/6/1945,"Page, N.D. June 10, 1945 3:30 p.m. Dear Sam, One whole week. Imagine! And itГўв‚¬в„ўs a lovely Sunday afternoon. The first sunny day in the whole week. Page is so quiet that all you hear is birds and more birds, with an occasional squawk from the kids on the corner. Some kids! How are you? IГўв‚¬в„ўm fine, except when I stop to think, and then IГўв‚¬в„ўm lonesome. And only a week of summer gone. Tsk, tsk! You know, I wasnГўв‚¬в„ўt going to write until IГўв‚¬в„ўd had a letter (one is coming, isnГўв‚¬в„ўt it?) but we are going to Fargo for a convention early Tuesday morning and wonГўв‚¬в„ўt get back till Friday or Saturday. If you send a letter Monday morning it wonГўв‚¬в„ўt get here until","Swanberg, Beth",294 KB,"World War, 1939Гўв‚¬вЂњ1945Гўв‚¬вЂќPersonal narratives; SoldiersГўв‚¬вЂќCorrespondence; Personal correspondence; WomenГўв‚¬вЂќCorrespondence; North DakotaГўв‚¬вЂќSocial life and customs; CourtshipГўв‚¬вЂќUnited States; FamiliesГўв‚¬вЂќCorrespondence; Letters","Personal digitized collection of family correspondence, Marg and Sam, by Beth Swanberg, daughter of Marg and Sam","Marg and Sam Letters, 1945 (Digital Collection)",Recipient has complete and total authority over these data files and their reproduction/distribution as per creator's written permission.,photograph,English,,
hs02a,hs02a.JPG,"Skillbred, Margaret","Page, ND 1a",1,2,image/jpg,Summer in Page,10/6/1945,"Tuesday morning and weГўв‚¬в„ўll be gone. So, instead of me not writing for another week, here I Гўв‚¬Е“yam,Гўв‚¬Вќ and hope you are the same. Oh yes, IГўв‚¬в„ўm on the front steps eating a choc. Hershey. Want some? DadГўв‚¬в„ўs in the country for services and MomГўв‚¬в„ўs in the house visiting with an old negro lady who had dinner with us. Her mother was a slave in the south who married a half negro & came north to farm over 50 yrs. ago. SheГўв‚¬в„ўs very negro-like, and lovely as can be. Bernetta is still in England and says she will probably be there for another month, which suits us ok. Say, guess who I saw on Friday? HeГўв‚¬в„ўs probably told you. Anyway I looked up with a plate of food for someone and there was Hans Froslee. You see, we were at a huge stock sale Гўв‚¬вЂњ Aberdeen Angus, pure bred Гўв‚¬вЂњ and the L. Aid was serving dinner so I helped. It was some sale, & I had a picnic watching it.",,,,,,,photograph,English,,
hs02b,hs02b.JPG,"Skillbred, Margaret","Page, ND 1b",2,3,image/jpg,Farmer news,10/6/1945,"Mr. Noble, the manager of the Hartley farms, sold 138 cows & 13 bulls & all averaged a little less that $800.00 a piece. The prize bull sold to a N. York man for $7500.00! I got a bang out of watching one white-haired old lady from Illinois Гўв‚¬вЂњ worth 14 million Гўв‚¬вЂњ sitting on the 1st bleacher bench chewing gum and bidding away like an old veteran, which she no doubt was. Mr. Froslee had a good time too, but he said he was broke so he couldnГўв‚¬в„ўt bid, but he sold some of his cattle to a Mont. man. HeГўв‚¬в„ўs awfully thin, isnГўв‚¬в„ўt he? His last sale must have been hard on him. Anyway, the sale was fun, & the L. Aid made $200.00 & Mr. Noble cleared about $98,000.00. Can you imagine N.D. having a place like that? IГўв‚¬в„ўm glad I donГўв‚¬в„ўt have to worry about what to do with $98,000 or 14 million. What a job! So far all IГўв‚¬в„ўve done is clean. IГўв‚¬в„ўm nearly through housecleaning the kitchen, back porch left. This place is much too big. But I should be glad, shouldnГўв‚¬в„ўt I, that it gives me something to do.","Swanberg, Beth",292 KB,"World War, 1939Гўв‚¬вЂњ1945Гўв‚¬вЂќPersonal narratives; AgricultureГўв‚¬вЂќEconomic aspectsГўв‚¬вЂќUnited States; Cattle tradeГўв‚¬вЂќUnited States; WomenГўв‚¬вЂќCorrespondence; Domestic lifeГўв‚¬вЂќNorth Dakota; FamiliesГўв‚¬вЂќCorrespondence; Letters","Personal digitized collection of family correspondence, Marg and Sam, by Beth Swanberg, daughter of Marg and Sam","Marg and Sam Letters, 1945 (Digital Collection)",Recipient has complete and total authority over these data files and their reproduction/distribution as per creator's written permission.,photograph,English,,
hs03,hs03.JPG,"Skillbred, Margaret","Page, ND 1c",3,3,image/jpg,Summer chores,10/6/1945,"Oh, weГўв‚¬в„ўve mowed the lawn, which is terrifically tough, and pulled a few weeds. Dad has planted garden Гўв‚¬вЂњ potatoes & corn! Both are doing well, thank you. YouГўв‚¬в„ўve been doing more than clean, no doubt! Want some help? Dad loves to milk cows but I donГўв‚¬в„ўt know how the cows like it. He suggested that he stop off in Vining on his way home from St. Paul! DonГўв‚¬в„ўt get worried, I donГўв‚¬в„ўt think he will. And donГўв‚¬в„ўt worry, anyway. Both he and Mom are very nice about a lot of things. Blow, blow! I mean, I think you & they will get on all right. Has it rained? ItГўв‚¬в„ўs been warning and threatening all week but just a dreary drizzle. HereГўв‚¬в„ўs a good one, came over the radio: Marriage is like soup. When the spooning is over itГўв‚¬в„ўs cooled off. Hmm? Nope! Do please write and let me know how Minnesota gets along without a N.D. brat-like schoolmaГўв‚¬в„ўam. And tell me how your grandma is, and the rest of you. Just in case youГўв‚¬в„ўre interested, I miss you. Hope youГўв‚¬в„ўre ok. Love, Marg","Swanberg, Beth",203 KB,"World War, 1939Гўв‚¬вЂњ1945Гўв‚¬вЂќPersonal narratives; CourtshipГўв‚¬вЂќUnited States; FamiliesГўв‚¬вЂќCorrespondence; Rural lifeГўв‚¬вЂќNorth Dakota; AgricultureГўв‚¬вЂќNorth Dakota; Letters","Personal digitized collection of family correspondence, Marg and Sam, by Beth Swanberg, daughter of Marg and Sam","Marg and Sam Letters, 1945 (Digital Collection)",Recipient has complete and total authority over these data files and their reproduction/distribution as per creator's written permission.,photograph,English,,
hs04,hs04.JPG,"Halvorson, Selmer","Vining, MN 1a",1,2,image/jpg,Family business,10/6/1945,"Vining, Minn. June 10, 1945 Hi Marge, ItГўв‚¬в„ўs eleven oГўв‚¬в„ўclock Sun. eve, just got back after bringing Rubye to Henning. Looked for you there to you know, force of habit must be huh. I still think three months is a long time, thatГўв‚¬в„ўs without seeing you of course. I love you Marge, thatГўв‚¬в„ўs for sure. There was a wonderful sunset this eve. again, first one since last Sun. Makes me lonely you know. We all were down at WaltГўв‚¬в„ўs this afternoon for PatsyГўв‚¬в„ўs birthday, had a nice time. There were more people there than I could count. But then seven is my limit you know. Here I go, How are you Marge? Still disgustingly healthy I hope. DonГўв‚¬в„ўt think you will have to go to Idaho do you huh, hope not, but then potatoes are all right I suppose or are theyГўв‚¬В¦","Swanberg, Beth",183 KB,"World War, 1939Гўв‚¬вЂњ1945Гўв‚¬вЂќPersonal narratives; CourtshipГўв‚¬вЂќUnited States; MenГўв‚¬вЂќCorrespondence; Rural lifeГўв‚¬вЂќMinnesota; FamiliesГўв‚¬вЂќCorrespondence; Letters","Personal digitized collection of family correspondence, Marg and Sam, by Beth Swanberg, daughter of Marg and Sam","Marg and Sam Letters, 1945 (Digital Collection)",Recipient has complete and total authority over these data files and their reproduction/distribution as per creator's written permission.,photograph,English,,
hs05,hs05.JPG,"Halvorson, Selmer","Vining, MN 1b",2,2,image/jpg,Farm chores,10/6/1945,"I still am milking all them cows you know, whitch gives me a lot of time to think, and thatГўв‚¬в„ўs mostly of you of course, and boy what I donГўв‚¬в„ўt think. Wish you were here kid, no fooling. If you think IГўв‚¬в„ўm nuts let me know, and IГўв‚¬в„ўll still think the same, whitch makes me nuts, huh. Oh boy Гўв‚¬вЂњ this is a tough job, this trying to write I mean. I think you better make two to my one ha, howГўв‚¬в„ўs that? Hope you can read it anyhow. Thanks for trying if you canГўв‚¬в„ўt. Nope [fate] now, need sleep you know. Write soon will you. IГўв‚¬в„ўll be waiting. Might walk out there get you canГўв‚¬в„ўt tell, if things get to bad. Night now. Love, Sam","Swanberg, Beth",158 KB,"World War, 1939Гўв‚¬вЂњ1945Гўв‚¬вЂќPersonal narratives; CourtshipГўв‚¬вЂќUnited States; AgricultureГўв‚¬вЂќMinnesota; MenГўв‚¬вЂќCorrespondence; Letters","Personal digitized collection of family correspondence, Marg and Sam, by Beth Swanberg, daughter of Marg and Sam","Marg and Sam Letters, 1945 (Digital Collection)",Recipient has complete and total authority over these data files and their reproduction/distribution as per creator's written permission.,photograph,English,,
hs06,hs06.JPG,"Skillbred, Margaret","Page, ND 2a",1,3,image/jpg,Letter writing,15/06/1945,"Page, N.D. June 15, 1945 Dear Sam, Before we go any farther, How are you? IГўв‚¬в„ўm fine too. Thanks heaps for working so hard writing me a letter! IГўв‚¬в„ўm sorry itГўв‚¬в„ўs such a job, but why make it so? Practice, they say, makes anything easier, so keep a-practicing. Thanks too, for sending the fishing license. I havenГўв‚¬в„ўt any idea of where or when IГўв‚¬в„ўll use it around here. There just isnГўв‚¬в„ўt any water except in our basement where I sit 3 times a day pumping it out. Oh, itГўв‚¬в„ўs an electric motor so donГўв‚¬в„ўt think of me sitting or standing hunched over, slaving away. ItГўв‚¬в„ўs just that we have to watch the thing. You wouldnГўв‚¬в„ўt think that Page was wet from the sign they have in one of the 2 eating places. The widow who runs it has a little 11 yr. old boy who gets tired of cleaning spittoons","Swanberg, Beth",221 KB,"World War, 1939Гўв‚¬вЂњ1945Гўв‚¬вЂќPersonal narratives; Domestic lifeГўв‚¬вЂќNorth Dakota; WomenГўв‚¬вЂќCorrespondence; FamiliesГўв‚¬вЂќCorrespondence; Letters","Personal digitized collection of family correspondence, Marg and Sam, by Beth Swanberg, daughter of Marg and Sam","Marg and Sam Letters, 1945 (Digital Collection)",Recipient has complete and total authority over these data files and their reproduction/distribution as per creator's written permission.,photograph,English,,
hs07,hs07.JPG,"Skillbred, Margaret","Page, ND 2b",2,3,image/jpg,No rain in Page,15/06/1945,"put up a sign, in large letters, on the counter: Гўв‚¬Е“If you have to spit, spit out doors; Page needs the moisture.Гўв‚¬Вќ The folks left at midnight last night for st. Paul to visit Hobart. ItГўв‚¬в„ўs his treat for FatherГўв‚¬в„ўs Day & for their anniversary. One of the girls from Fargo came back with me this morning to keep me company until they come home on Monday. We had 3 nice days in Fargo but I was glad to get home again. ItГўв‚¬в„ўs so peaceful here & I donГўв‚¬в„ўt like mobs. The N.D. district meeting for all pastors was what we went for. Hazel (the friend from Fargo) & I have been taking turns at mowing the front lawn. SheГўв‚¬в„ўs hard at it now but oh my! The mower is so dull but Pap says Гўв‚¬ЛњitГўв‚¬в„ўs the grass; the mower is ok.Гўв‚¬в„ў Try to convince a Norski against his will! How are the sunsets? So far I havenГўв‚¬в„ўt seen one. Rain, when you going to come again, Rain!","Swanberg, Beth",139 KB,"World War, 1939Гўв‚¬вЂњ1945Гўв‚¬вЂќPersonal narratives; Rural lifeГўв‚¬вЂќNorth Dakota; FamiliesГўв‚¬вЂќCorrespondence; ReligionГўв‚¬вЂќClergy; Letters","Personal digitized collection of family correspondence, Marg and Sam, by Beth Swanberg, daughter of Marg and Sam","Marg and Sam Letters, 1945 (Digital Collection)",Recipient has complete and total authority over these data files and their reproduction/distribution as per creator's written permission.,photograph,English,,
hs08,hs08.JPG,"Skillbred, Margaret","Page, ND 2c",3,3,image/jpg,Farm chores,15/06/1945,"When you get tired of milking 18 cows and want a good long hike, come on out. IГўв‚¬в„ўd like to see you. No kidding. Next week one of our neighbors in Fargo & her little bot Гўв‚¬вЂњ 7 yrs. Гўв‚¬вЂњ are coming to stay several days & the Bible School teacher is coming here Sunday night for 2 wks. so weГўв‚¬в„ўll be kept a bit busy. Sometime in July I want to go to Bible Camp near Alexandria. The dentist & I have a date for July 6th. Happy thought. Right now itГўв‚¬в„ўs lovely and sunny. IГўв‚¬в„ўd be in a mood for a ride & a sunset. Hm? The little girl next door is putting flowers in my hair Гўв‚¬вЂњ IГўв‚¬в„ўm on the porch steps again. ItГўв‚¬в„ўs supper time & what do we eat? Oh me, think itГўв‚¬в„ўll be soup. ItГўв‚¬в„ўs so nice and so easy to fix. Гўв‚¬ЛњBye for awhile, & do work hard again, if it means getting a letter. I like them. I do hope you know: I love you too. Marg P.S. Give that poor pooch or yours a pat from meГўв‚¬В¦","Swanberg, Beth",59.4 KB,"World War, 1939Гўв‚¬вЂњ1945Гўв‚¬вЂќPersonal narratives; CourtshipГўв‚¬вЂќUnited States; Rural lifeГўв‚¬вЂќNorth Dakota; FamiliesГўв‚¬вЂќCorrespondence; Letters","Personal digitized collection of family correspondence, Marg and Sam, by Beth Swanberg, daughter of Marg and Sam","Marg and Sam Letters, 1945 (Digital Collection)",Recipient has complete and total authority over these data files and their reproduction/distribution as per creator's written permission.,photograph,English,,
hs09,hs09.JPG,"Halvorson, Selmer","Vining, MN 2a",1,2,image/jpg,Cattle discussions,15/06/1945,"Vining, Minn. June 15, 1945 Dear Marg Me again, thatГўв‚¬в„ўs kinda bad arenГўв‚¬в„ўt it. But I canГўв‚¬в„ўt help it you know. Got your letter and I thank you very much, it really helps thatГўв‚¬в„ўs for sure. Was just looking at the calendar, thought it ought to be close to the first of Sept. pretty soon. But no luck. Boy thatГўв‚¬в„ўs a long way off yet. DonГўв‚¬в„ўt know if I can stand it. I did see Hans last Mon., and of course he told me he had talked to you out there. HeГўв‚¬в„ўs talking Angus cattle worse than ever now. WouldnГўв‚¬в„ўt mind having a few of those $7500 ones though thatГўв‚¬в„ўs for sure. IГўв‚¬в„ўd be around doing some talking in a hurry then, IГўв‚¬в„ўll tell you. Olga has been staying with us for a few days. She just left this morning. Was fun having her around. Really helps having women in the house, thatГўв‚¬в„ўs for sure. Dad hasnГўв‚¬в„ўt been feeling so good for","Swanberg, Beth",244 KB,"World War, 1939Гўв‚¬вЂњ1945Гўв‚¬вЂќPersonal narratives; AgricultureГўв‚¬вЂќMinnesota; MenГўв‚¬вЂќCorrespondence; FamiliesГўв‚¬вЂќCorrespondence; Letters","Personal digitized collection of family correspondence, Marg and Sam, by Beth Swanberg, daughter of Marg and Sam","Marg and Sam Letters, 1945 (Digital Collection)",Recipient has complete and total authority over these data files and their reproduction/distribution as per creator's written permission.,photograph,English,,
hs10,hs10.JPG,"Halvorson, Selmer","Vining, MN 2b",2,2,image/jpg,Affection,15/06/1945,"a while. Been in bed most of the time. ItГўв‚¬в„ўs just the flu, but then thatГўв‚¬в„ўs bad enough some times I guess. I wouldnГўв‚¬в„ўt know of course. Grandmother and Chris (?) are about as usual. Grandma maybe feels a little better than she did for a while. WouldnГўв‚¬в„ўt be surprised if she lives to be a 100 yrs. Yet, only twelve to go, so why not, hm. We are having our league this Sun. eve instead of the fourth Sun. as there is a choir concert next Sun. eve. Will miss seeing you at league. Miss seeing you anyhow. You nut. How are you. Or maybe you will be there. Wish you would, thatГўв‚¬в„ўs for sure. If those folks of yours ever heard of a guy by my name, you could tell em Hello, from me thatГўв‚¬в„ўs if you feel like it of course. Nope gotta get(?) now itГўв‚¬в„ўs midnight. Love, Sam","Swanberg, Beth",201 KB,"World War, 1939Гўв‚¬вЂњ1945Гўв‚¬вЂќPersonal narratives; CourtshipГўв‚¬вЂќUnited States; FamiliesГўв‚¬вЂќCorrespondence; ReligionГўв‚¬вЂќChurch activities; Letters","Personal digitized collection of family correspondence, Marg and Sam, by Beth Swanberg, daughter of Marg and Sam","Marg and Sam Letters, 1945 (Digital Collection)",Recipient has complete and total authority over these data files and their reproduction/distribution as per creator's written permission.,photograph,English,,
hs11,hs11.JPG,"Skillbred, Margaret","Page, ND 3a",1,3,image/jpg,Sundays,24/06/1945,"Page, N.D. June 24, 1945 somewhere around 4 oГўв‚¬в„ўclock Dear Sam, Another Sunday! And itГўв‚¬в„ўs lovely. What are you doing; sleeping, or drowsing with thoughts a-whirling, or gadding and gabbing. Me Гўв‚¬вЂњ IГўв‚¬в„ўm just sitting! For awhile I was on the lawn letting my legs get a bit of tan but theyГўв‚¬в„ўre red instead and it got too too warm so I moved into the porch. ItГўв‚¬в„ўs so quiet. Mom is sleeping and Mr. Olson came back from the country & went directly up to sleep so IГўв‚¬в„ўm here alone. One thing: itГўв‚¬в„ўs nice & quiet, but IГўв‚¬в„ўd just as soon have a bit of noise. Sometimes itГўв‚¬в„ўs lonesome the other way. This morning I substituted for a lady & taught a big class of 3rd graders. We had fun. Then services at which Mr. Olson spoke. Dad is in Ortonville for the day. Your letter came on Saturday and IГўв‚¬в„ўm glad it did. What do I think you are? IГўв‚¬в„ўll tell you sometime. Remind me. IГўв‚¬в„ўm glad your Dad is up and around again. WhatГўв‚¬в„ўs he painting now? So far, we havenГўв‚¬в„ўt had rain for a week. It might decide to tonight. We are in a hail belt they tell us so I watch the sky. Say, did Ordean(?) come home & were he and Lorna married? No one ever said anything","Swanberg, Beth",261 KB,"World War, 1939Гўв‚¬вЂњ1945Гўв‚¬вЂќPersonal narratives; WomenГўв‚¬вЂќCorrespondence; Rural lifeГўв‚¬вЂќNorth Dakota; EducationГўв‚¬вЂќElementary; FamiliesГўв‚¬вЂќCorrespondence; Letters","Personal digitized collection of family correspondence, Marg and Sam, by Beth Swanberg, daughter of Marg and Sam","Marg and Sam Letters, 1945 (Digital Collection)",Recipient has complete and total authority over these data files and their reproduction/distribution as per creator's written permission.,photograph,English,,
hs12,hs12.JPG,"Skillbred, Margaret","Page, ND 3b",2,3,image/jpg,Affection,24/06/1945,"7 oГўв‚¬в„ўclock! I went to sleep like the rest of the household. Now I fell much more like writing. Dad came home just a bit ago. He has been to a Golden Wedding too, on the way home from Ortonville. ItГўв‚¬в„ўs still lovely outdoors and a wonderful evening for a lake ride. Boy! Wishful thinking, huh? The neighbors next door have been trying out the kidsГўв‚¬в„ў swing! The are both big people so I expected to hear a crack & a plop but none came. He farms with his son & he just said it was nice weather but even so the corn wonГўв‚¬в„ўt be anywhere knee high by the 4th. Is that supposed to be a standard Гўв‚¬вЂњ knee high by the 4th? Mr. Olson & I finished mowing & raking the lawn again last night. It was better this time, maybe because he sharpened the blades. He had a big blister on this thumb & I have 2, not on my thumbs but in the palms of my hands. ArenГўв‚¬в„ўt we tough! Oh me, In time a few callouses should develop & protect me Гўв‚¬вЂњ that is if IГўв‚¬в„ўm to keep up the yard which looks likely. There isnГўв‚¬в„ўt a thing to write about Page or its surroundings or its people so maybe IГўв‚¬в„ўd better bring this epistle to an end. Of course I could write paragraphs on Гўв‚¬Е“stuffГўв‚¬Вќ but IГўв‚¬в„ўll wait. Bye, and do save a few pounds for winterГўв‚¬в„ўs near. (?) Love, Margaret","Swanberg, Beth",140 KB,"World War, 1939Гўв‚¬вЂњ1945Гўв‚¬вЂќPersonal narratives; AgricultureГўв‚¬вЂќNorth Dakota; Rural lifeГўв‚¬вЂќNorth Dakota; FamiliesГўв‚¬вЂќCorrespondence; Letters","Personal digitized collection of family correspondence, Marg and Sam, by Beth Swanberg, daughter of Marg and Sam","Marg and Sam Letters, 1945 (Digital Collection)",Recipient has complete and total authority over these data files and their reproduction/distribution as per creator's written permission.,photograph,English,,
hs13,hs13.JPG,"Skillbred, Margaret","Page, ND 3c",3,3,image/jpg,Church picnic,19/06/1945,"Page, N.D. June 19, 1945 Dear Sam, ItГўв‚¬в„ўs a beautiful day! In fact it couldnГўв‚¬в„ўt be nicer, except if you were here. We must be psychic or something. We both wrote on the same day and I got yours Monday & you must have gotten mine then too. Thanks so much for the last one. Did you have a nice time at League? I went to a Brotherhood program by my lonesome & helped introduce Mr. Olson, the Parochial School teacher to the few I know. Hazel went home Sunday aft. And the folks came Monday afternoon. Monday wasnГўв‚¬в„ўt bad Гўв‚¬Лњcause I cleaned this whale of a house but Sunday I was a bit moody. Monday we had 10 callers after the folks came, and Mrs. Meyer & Jimmy, our neighbors in Fargo, came back with Mom & Dad for 3 days. She kinda got lost","Swanberg, Beth",39.4 KB,"World War, 1939Гўв‚¬вЂњ1945Гўв‚¬вЂќPersonal narratives; WomenГўв‚¬вЂќCorrespondence; FamiliesГўв‚¬вЂќCorrespondence; ReligionГўв‚¬вЂќChurch activities; Letters","Personal digitized collection of family correspondence, Marg and Sam, by Beth Swanberg, daughter of Marg and Sam","Marg and Sam Letters, 1945 (Digital Collection)",Recipient has complete and total authority over these data files and their reproduction/distribution as per creator's written permission.,photograph,English,,
hs14,hs14.JPG,"Halvorson, Selmer","Vining, MN 3a",1,2,image/jpg,Church picnic,19/06/1945,"in the mob of people & dishes. Today we washed Гўв‚¬вЂњ clothes & hair. Tomorrow eve. we have a wedding here at home so weГўв‚¬в„ўll have fun decorating. There will probably be a baptism then too. DadГўв‚¬в„ўs going to Ortonville for Sat. & Sunday. Nora wrote today that Tilda(?) has a boy. ThatГўв‚¬в„ўs nice. Nora is certainly kept busy though with 3 children around. She sounded as if it were fun nevertheless. Say, thatГўв‚¬в„ўs too bad that your dad is sick. Is he better? I certainly hope so. Tell him to get well and stay that way till I see him again, at least. ItГўв‚¬в„ўs nice you find it fine to have a woman around the house. Tell Olga she should come around oftener! Is she better? When does Rubye resign? Or doesnГўв‚¬в„ўt she? None of my business. Yes, the folks have heard of you & thanks for the greeting. IГўв‚¬в„ўm not rushing things though. The spirea & flags are in full bloom so it looks nice around Гўв‚¬Е“hjar.Гўв‚¬Вќ","Swanberg, Beth",185 KB,"World War, 1939Гўв‚¬вЂњ1945Гўв‚¬вЂќPersonal narratives; Domestic lifeГўв‚¬вЂќNorth Dakota; FamiliesГўв‚¬вЂќCorrespondence; CourtshipГўв‚¬вЂќUnited States; Letters","Personal digitized collection of family correspondence, Marg and Sam, by Beth Swanberg, daughter of Marg and Sam","Marg and Sam Letters, 1945 (Digital Collection)",Recipient has complete and total authority over these data files and their reproduction/distribution as per creator's written permission.,photograph,English,,
hs15,hs15.JPG,"Halvorson, Selmer","Vining, MN 3b",2,2,image/jpg,Church picnic,19/06/1945,"This is about a Г‚ВЅ hour later. Must be that I sit and dream and watch the clouds too much. I did write another page but it landed in the basket Гўв‚¬вЂњ I couldnГўв‚¬в„ўt make it out either. A storm was on the way and it looked like hail but now the sun is out again. IГўв‚¬в„ўm finding it awfully hard to write, so you arenГўв‚¬в„ўt the only one, if you do yet. I love you and thank God continually for what you are to me, and pray that I may be worthy of you when and if you want me. I pray too that He may so direct us that we will grow in Him each day and learn to do His will in everything. Now IГўв‚¬в„ўd better go and mail this before I read it though again & it goes into a basket or some such. IГўв‚¬в„ўve said what I truly wanted to say and found hard to say because IГўв‚¬в„ўm weak, I guess. Love, Marg","Swanberg, Beth",140 KB,"World War, 1939Гўв‚¬вЂњ1945Гўв‚¬вЂќPersonal narratives; CourtshipГўв‚¬вЂќUnited States; ReligionГўв‚¬вЂќChristian life; FamiliesГўв‚¬вЂќCorrespondence; Letters","Personal digitized collection of family correspondence, Marg and Sam, by Beth Swanberg, daughter of Marg and Sam","Marg and Sam Letters, 1945 (Digital Collection)",Recipient has complete and total authority over these data files and their reproduction/distribution as per creator's written permission.,photograph,English,,
hs16,hs16.JPG,"Skillbred, Margaret","Page, ND 4a",1,2,image/jpg,Longing,21/06/1945,"Vining, Minn. June 21, 1945 Dear Marg, I just finished washing my hair and shaving off 4 days beard. IГўв‚¬в„ўm going to see Skilbred tonight you know. Wish I were. Thanks much for your last letter, you donГўв‚¬в„ўt know how it makes me feel. Your praying that you would be worthy of me. After all who do you think I am. I pay to you know that through no fault of mine you should be sorry for tiring to me. YouГўв‚¬в„ўre [you her] and everything outside of God to me, and may He grant that our love should last forever. ItГўв‚¬в„ўs a beautiful night. The moon is hanging out over the lake. Would be perfect only if you were here. Things really are looking good now though even if the weather has been rather cool. Today was the first really warm day weГўв‚¬в„ўve had and the longest too of course. Makes the corn grow.","Swanberg, Beth",258 KB,"World War, 1939Гўв‚¬вЂњ1945Гўв‚¬вЂќPersonal narratives; CourtshipГўв‚¬вЂќUnited States; MenГўв‚¬вЂќCorrespondence; Rural lifeГўв‚¬вЂќMinnesota; Letters","Personal digitized collection of family correspondence, Marg and Sam, by Beth Swanberg, daughter of Marg and Sam","Marg and Sam Letters, 1945 (Digital Collection)",Recipient has complete and total authority over these data files and their reproduction/distribution as per creator's written permission.,photograph,English,,
hs17,hs17.JPG,"Skillbred, Margaret","Page, ND 4b",2,2,image/jpg,Father's health,21/06/1945,"Dad was up and around again today, first time for a week. Feeling better because he was out with the paint brush today. Miss him a lot when he isnГўв‚¬в„ўt around thatГўв‚¬в„ўs for sure. You know this evening when I come up with the last oof themilk, there was a deer just below the house. You can guess who I thought of right then. It was a nice one to stood there for quire a while. So you really could have had a good look at that one. IГўв‚¬в„ўll tie the next one that comes along, should I. Well not much nore happens around here outside of milking cows, feeding pigs, cultivating corn and things like that there. So I better sign off now. Should tell you that the mailbox by the side of the road means much to me, these days. So you better keep Гўв‚¬Лњem coming. Sa for dwleve sa fra da. Love, Sam","Swanberg, Beth",191 KB,"World War, 1939Гўв‚¬вЂњ1945Гўв‚¬вЂќPersonal narratives; AgricultureГўв‚¬вЂќMinnesota; Rural lifeГўв‚¬вЂќMinnesota; MenГўв‚¬вЂќCorrespondence; Letters","Personal digitized collection of family correspondence, Marg and Sam, by Beth Swanberg, daughter of Marg and Sam","Marg and Sam Letters, 1945 (Digital Collection)",Recipient has complete and total authority over these data files and their reproduction/distribution as per creator's written permission.,photograph,English,,
hs18,hs18.JPG,"Halvorson, Selmer","Vining, MN 4a",1,3,image/jpg,Weather,26/06/1945,"Vining, Minn. June 26, 1945 Dear Marg, How are you? Fine I hope. Me, I was never much better. Still weigh 111 lbs. anyhow thatГўв‚¬в„ўs not so bad huh. ItГўв‚¬в„ўs thundering, lightening and raining all at once. Nice day. Oh well first rain for over a week so we shouldnГўв‚¬в„ўt bick[?]. Just cut the first hay today. So that will get nice and wet. Carl and I rented 50 acres of extra hay ground together. So we shouldnГўв‚¬в„ўt run out of work for a while at least. The corn just might be knee high by the 4th is the weather stays right. This knee high business is just and old rule if it isntГўв‚¬в„ў that far ahead by the 4th then itГўв‚¬в„ўs a poor chance it will be ripe corn unless we get a warm fall. Hi farmer. How you like all this farm stull. Better get used to it huh. IГўв‚¬в„ўm hoping you know.","Swanberg, Beth",157 KB,"World War, 1939Гўв‚¬вЂњ1945Гўв‚¬вЂќPersonal narratives; AgricultureГўв‚¬вЂќMinnesota; Rural lifeГўв‚¬вЂќMinnesota; MenГўв‚¬вЂќCorrespondence; Letters","Personal digitized collection of family correspondence, Marg and Sam, by Beth Swanberg, daughter of Marg and Sam","Marg and Sam Letters, 1945 (Digital Collection)",Recipient has complete and total authority over these data files and their reproduction/distribution as per creator's written permission.,photograph,English,,
hs19,hs19.JPG,"Halvorson, Selmer","Vining, MN 4b",2,3,image/jpg,Wedding officiant,26/06/1945,"Ordean didnГўв‚¬в„ўt get his furlough. So Becker just simply went down there and married the guy. Lucky people. It happened kinda in a hurry. But then we hope they did the right thing anyhow. The Rev. Carlson of B.L. is having services in the hall at Vining every eve. this week. Rude and I were in this eve. Rubye had L.D.R. out at BekkГўв‚¬в„ўs[?], So we took her back to Henning afterward. She hasnГўв‚¬в„ўt quit yet but she just might anytime I think. I hope anyhow. You said a while ago that you might go to Bible camp at Alex. You just wouldnГўв‚¬в„ўt come by at that time would you. Wish you could. IГўв‚¬в„ўd really like to see you thatГўв‚¬в„ўs for sure. Could be a few things IГўв‚¬в„ўl like to talk to you about you know. And then just seeing you again would help an awfull lot. Shorten the summer you know thatГўв‚¬в„ўs been long enough already.","Swanberg, Beth",150 KB,"World War, 1939Гўв‚¬вЂњ1945Гўв‚¬вЂќPersonal narratives; CourtshipГўв‚¬вЂќUnited States; ReligionГўв‚¬вЂќChurch activities; FamiliesГўв‚¬вЂќCorrespondence; Letters","Personal digitized collection of family correspondence, Marg and Sam, by Beth Swanberg, daughter of Marg and Sam","Marg and Sam Letters, 1945 (Digital Collection)",Recipient has complete and total authority over these data files and their reproduction/distribution as per creator's written permission.,photograph,English,,
hs20,hs20.JPG,"Halvorson, Selmer","Vining, MN 4c",3,3,image/jpg,Church community,26/06/1945,"The congregation is planning a picnic for the 4th. Kind of a good idea I think. Keep people more were they belong donГўв‚¬в„ўt you think. If I donГўв‚¬в„ўt work IГўв‚¬в„ўll be going there I suppose. Better come and join us. Then I wonГўв‚¬в„ўt work for sure. Even if the hay gets wet. Walt say to tell you Hello sometime when I write. IГўв‚¬в„ўm sleepy again so better stop this scratching of mine. Be good. Love, Sam","Swanberg, Beth",95.9 KB,"World War, 1939Гўв‚¬вЂњ1945Гўв‚¬вЂќPersonal narratives; Community lifeГўв‚¬вЂќMinnesota; CourtshipГўв‚¬вЂќUnited States; MenГўв‚¬вЂќCorrespondence; Letters","Personal digitized collection of family correspondence, Marg and Sam, by Beth Swanberg, daughter of Marg and Sam","Marg and Sam Letters, 1945 (Digital Collection)",Recipient has complete and total authority over these data files and their reproduction/distribution as per creator's written permission.,photograph,English,,
hs21,hs21.JPG,"Skillbred, Margaret","Page, ND 5a",1,4,image/jpg,Affection,28/06/1945,"Page, N.D. June 28, 1945 Dear Sam, Here it is, the last Thursday in June. CanГўв‚¬в„ўt believe it. And itГўв‚¬в„ўs cold. It rained this morning but turned out to be a warm afternoon but tonight is definitely cool. We had entertainment this afternoon Гўв‚¬вЂњ 2 little boys, one 10 & the other 7 yrs. old Гўв‚¬вЂњ stayed with us while their father went to Fargo. They came home from Bible School and stayed until about 9:30 tonite. They were nice but I think I played Hide and Seek too long & walked up town too much. IГўв‚¬в„ўm tired. And appetites! Oh my! They did away with 6 sandwiches apiece after school & a pile of cookies. They ran it off though.","Swanberg, Beth",776 KB,"World War, 1939Гўв‚¬вЂњ1945Гўв‚¬вЂќPersonal narratives; Domestic lifeГўв‚¬вЂќNorth Dakota; ChildrenГўв‚¬вЂќNorth Dakota; FamiliesГўв‚¬вЂќCorrespondence; Letters","Personal digitized collection of family correspondence, Marg and Sam, by Beth Swanberg, daughter of Marg and Sam","Marg and Sam Letters, 1945 (Digital Collection)",Recipient has complete and total authority over these data files and their reproduction/distribution as per creator's written permission.,photograph,English,,
hs22,hs22.JPG,"Skillbred, Margaret","Page, ND 5b",2,4,image/jpg,Updates,28/06/1945,"We tried out the new stove on a choc. Cake & some cookies. These farmers supply us with gobs of cream. Now we have 4 qts. on hand. All sour. MomГўв‚¬в„ўs churning now. Nice farmers, what? Tomorrow we are invited to a coffee party in the county. 7 miles to drink coffee. Kinda dull but nice. Dad is stiff as a board tonight. He was in bed most of the day. His back is simply awful. Tomorrow heГўв‚¬в„ўs to go to Ladies Aid in the country & then go on to Bible Camp Гўв‚¬вЂњ 60 miles away. So heГўв‚¬в„ўs better perk up. He has too much driving to do for his age Гўв‚¬вЂњ and weight. This is the first day at home for him for over 2 wks. And sometimes I think I work!","Swanberg, Beth",386 KB,"World War, 1939Гўв‚¬вЂњ1945Гўв‚¬вЂќPersonal narratives; Domestic lifeГўв‚¬вЂќNorth Dakota; Rural lifeГўв‚¬вЂќNorth Dakota; FamiliesГўв‚¬вЂќCorrespondence; Letters","Personal digitized collection of family correspondence, Marg and Sam, by Beth Swanberg, daughter of Marg and Sam","Marg and Sam Letters, 1945 (Digital Collection)",Recipient has complete and total authority over these data files and their reproduction/distribution as per creator's written permission.,photograph,English,,
hs23,hs23.JPG,"Skillbred, Margaret","Page, ND 5c",3,4,image/jpg,Affection,28/06/1945,"Of course you donГўв‚¬в„ўt know what the word means either, do you? Yi! How long a day do you put in now? Thanks for the hello from Walt. Tell him Гўв‚¬Е“dittoГўв‚¬Вќ from me. Toots left England on FatherГўв‚¬в„ўs Day for France to join an overseas unit for C-B-I theater. She & 3 other nurses were the first to be sent so she hopes sheГўв‚¬в„ўll be the first to come home too. Those who were sent to France went directly to China-Burma through the Med. Sea. No 30 day furlough en route nor nothing. She felt pretty blue when she wrote the news. We havenГўв‚¬в„ўt heard since she left England Mother took the news well. A picnic for the congregation sounds like a good idea. How fun. And even if the hay gets wet take a day off to relax, huh?","Swanberg, Beth",183 KB,"World War, 1939Гўв‚¬вЂњ1945Гўв‚¬вЂќWomen; NursesГўв‚¬вЂќCorrespondence; Military life; FamiliesГўв‚¬вЂќCorrespondence; Letters","Personal digitized collection of family correspondence, Marg and Sam, by Beth Swanberg, daughter of Marg and Sam","Marg and Sam Letters, 1945 (Digital Collection)",Recipient has complete and total authority over these data files and their reproduction/distribution as per creator's written permission.,photograph,English,,
hs26,hs26.JPG,"Skillbred, Margaret","Page, ND 5d",4,4,image/jpg,Bible Camp,28/06/1945,"HavenГўв‚¬в„ўt decided when IГўв‚¬в„ўll go to Bible Camp but itГўв‚¬в„ўll be either the week of the 8th or the 15th of July. Do you suppose theyГўв‚¬в„ўd let me on the bus in Fergus going through Vining? If they will IГўв‚¬в„ўll let you know about it. Thanks for asking me. My eyes are practically shut. IГўв‚¬в„ўm in bed, loafing again. ItГўв‚¬в„ўs nigh on to midnight though so IГўв‚¬в„ўd better call it quits. Гўв‚¬ЛњNight Love, Marg 1 P.S. Do you suppose Ordean considers himself lucky? Better find out. 2 P.S. Did I ever tell you that any time the gas & time situation (& the motor workings) permit, Page & its occupants Гўв‚¬вЂњ at least 3 Гўв‚¬вЂњ will welcome you? They will.","Swanberg, Beth",237 KB,"World War, 1939Гўв‚¬вЂњ1945Гўв‚¬вЂќPersonal narratives; CourtshipГўв‚¬вЂќUnited States; TransportationГўв‚¬вЂќUnited States; FamiliesГўв‚¬вЂќCorrespondence; Letters","Personal digitized collection of family correspondence, Marg and Sam, by Beth Swanberg, daughter of Marg and Sam","Marg and Sam Letters, 1945 (Digital Collection)",Recipient has complete and total authority over these data files and their reproduction/distribution as per creator's written permission.,photograph,English,,
hs27,hs27.JPG,"Halvorson, Selmer","Vining, MN 5a",1,2,image/jpg,Affection,2/7/1945,"Vining, Minn. July 2, 1945 Dear Marg, Just me again. Little behind time maybe, But here just the same. We were at church yesterday morning. Then company in the afternoon. And last night we took Chris. Along to church. We didnГўв‚¬в„ўt get back till 12 so I just went to bed without writing. Imagine Ruby really talked to Ken. about quiting So she will be home for a while at least. IГўв‚¬в„ўm going up to get her tomorrow night, luggage and all. She probably will take only a month or six weeks off. But thatГўв‚¬в„ўs going to help her a lot, us too I think. So now you had better decide to come us for a few days after Bible Camp or something. I will see to that you will make some sort of bus connections. Even if I have to take you to Fargo. The old dodge still limps and chugs a little. But he will still get us there, I hope.","Swanberg, Beth",194 KB,"World War, 1939Гўв‚¬вЂњ1945Гўв‚¬вЂќPersonal narratives; TransportationГўв‚¬вЂќUnited States; FamiliesГўв‚¬вЂќCorrespondence; Rural lifeГўв‚¬вЂќMinnesota; Letters","Personal digitized collection of family correspondence, Marg and Sam, by Beth Swanberg, daughter of Marg and Sam","Marg and Sam Letters, 1945 (Digital Collection)",Recipient has complete and total authority over these data files and their reproduction/distribution as per creator's written permission.,photograph,English,,
hs28,hs28.JPG,"Halvorson, Selmer","Vining, MN 5b",2,2,image/jpg,Fixing the car,2/7/1945,"How about that Buick, have you driven it yet. Or maybe your Dad wonГўв‚¬в„ўt take chances on it, hu. You really should learn though. Might come in handy. Of course I would still be glad to teach you, you know. Maybe the only thing I would know how to teach you. You shouldnГўв‚¬в„ўt work so hard. Get old quick that way. Me, I just monky around16-18 hrs. a day so that arenГўв‚¬в„ўt so bad for a little guy. We are going to that picnic the 4th. It will be down at GeorgeГўв‚¬в„ўs resort. You know that place? Hope we can have a softball game or something. Would give us some exercise. Might get stiff otherwise from laying around. I canГўв‚¬в„ўt write. So hope I will see you soon. Then maybe I could try do some talking or wonГўв‚¬в„ўt you let me. Night now. Love, Sam P.S. The day, well he would say Hello, if he knew enough. HeГўв‚¬в„ўs not so brilliant thatГўв‚¬в„ўs for sure.","Swanberg, Beth",154 KB,"World War, 1939Гўв‚¬вЂњ1945Гўв‚¬вЂќPersonal narratives; CourtshipГўв‚¬вЂќUnited States; Community lifeГўв‚¬вЂќMinnesota; MenГўв‚¬вЂќCorrespondence; Letters","Personal digitized collection of family correspondence, Marg and Sam, by Beth Swanberg, daughter of Marg and Sam","Marg and Sam Letters, 1945 (Digital Collection)",Recipient has complete and total authority over these data files and their reproduction/distribution as per creator's written permission.,photograph,English,,
hs29,hs29.JPG,"Skillbred, Margaret","Alexandria, MN 1a",1,3,image/jpg,Writing,8/7/1945,"Please: Excuse the pencil. Nothing else available. Mount Carmel Alexandria Tuesday Aft. Dear Sam, ItГўв‚¬в„ўs nearly time for supper but if I donГўв‚¬в„ўt start youГўв‚¬в„ўll never hear. We are really having a wonderful time and I do wish you could be here. Of course the nights are cold but the rain holds off so itГўв‚¬в„ўs nice. We havenГўв‚¬в„ўt tried the water yet. Last night we 3 slept together but Nora took the middle and baked all night & Rubye & I got cold so I moved out. Tonight we try it alone. The beds are good, the meals are good, the teachers are great, and everyone seems so nice. Could it be better? In the morning, classes begin at 9 and run till 12:15. In the afternoon you do as you please. Today we slept and went to a picnic at 4 oГўв‚¬в„ўclock that was meant to be a get-acquainted affair.","Swanberg, Beth",194 KB,"World War, 1939Гўв‚¬вЂњ1945Гўв‚¬вЂќPersonal narratives; Religious education; Camps; WomenГўв‚¬вЂќCorrespondence; Letters","Personal digitized collection of family correspondence, Marg and Sam, by Beth Swanberg, daughter of Marg and Sam","Marg and Sam Letters, 1945 (Digital Collection)",Recipient has complete and total authority over these data files and their reproduction/distribution as per creator's written permission.,photograph,English,,
hs30,hs30.JPG,"Skillbred, Margaret","Alexandria, MN 1b",2,3,image/jpg,Bible lessons,8/7/1945,"One hour in the mornings is on the study of Acts & the topic: Every Christian a Witness for Christ. ItГўв‚¬в„ўs a challenging topic and makes me feel how poorly IГўв‚¬в„ўve done. The 2nd hour is on Joseph and his life. This morning it was on his hardships & why he had to have them. During the 3rd hour missionaries take turns telling of their experiences. This morning a lady from China, who has adopted a little Chinese girl, spoke, and the little girl sang Jesus Loves Me, in Chinese. She has black curly hair & is as cute as a bugГўв‚¬в„ўs ear. We just got back from supper. Evening service is at 8:30 & lights are off at 11. So we have 2 hrs. of rest. Rest & more rest. CouldnГўв‚¬в„ўt you use some? Some day I hope you can. I think Rubye & Nora are writing too.","Swanberg, Beth",175 KB,"World War, 1939Гўв‚¬вЂњ1945Гўв‚¬вЂќPersonal narratives; MissionsГўв‚¬вЂќChina; ReligionГўв‚¬вЂќChristian education; WomenГўв‚¬вЂќCorrespondence; Letters","Personal digitized collection of family correspondence, Marg and Sam, by Beth Swanberg, daughter of Marg and Sam","Marg and Sam Letters, 1945 (Digital Collection)",Recipient has complete and total authority over these data files and their reproduction/distribution as per creator's written permission.,photograph,English,,
hs31,hs31.JPG,"Skillbred, Margaret","Alexandria, MN 1c",3,3,image/jpg,Driving,8/7/1945,"Did you stay on the road Sunday Eve.? Not that youГўв‚¬в„ўre a punk driver, but --. You know, someday IГўв‚¬в„ўll have to quit my giggling and shall we talk? Or donГўв‚¬в„ўt we need to? Of course IГўв‚¬в„ўm perfectly content to sit and listen to you, or just sit, as youГўв‚¬в„ўve noticed. I miss you, Sam and love you but I do so hope that both of us will put Christ first and grow in Him together. I know I do so many foolish things & say a lot more but over look them, will you, & IГўв‚¬в„ўll keep trying. We learned a chorus last evening at the service and it made me think of our sunsets, & wished that more people could sing with us. Want to hear it? He give me joy in place of sorrows He gives me love that casts out fear. He gives me sunshine in place of shadows And beauty for ashes here. We donГўв‚¬в„ўt know if we can stay for Sunday yet or not. They have a full camp for Sat. WeГўв‚¬в„ўll probably let you know when we decide to come. Thanks so very much for last weekend. GodГўв‚¬в„ўs peace till I see you Гўв‚¬вЂњ Yours, Marg","Swanberg, Beth",855 KB,"World War, 1939Гўв‚¬вЂњ1945Гўв‚¬вЂќPersonal narratives; CourtshipГўв‚¬вЂќUnited States; ReligionГўв‚¬вЂќChristian life; WomenГўв‚¬вЂќCorrespondence; Letters","Personal digitized collection of family correspondence, Marg and Sam, by Beth Swanberg, daughter of Marg and Sam","Marg and Sam Letters, 1945 (Digital Collection)",Recipient has complete and total authority over these data files and their reproduction/distribution as per creator's written permission.,photograph,English,,
hs32,hs32.JPG,"Skillbred, Margaret","Page, ND 6a",1,4,image/jpg,Camp,12/7/1945,"Pencil again! July 12, 1945 7:10 P.M. Dear Sam, We are still having a wonderful time! Even with sunburn. We sun bathed this afternoon and now we look like pickled beets, but hope we wonГўв‚¬в„ўt peel. The classes are more interesting all the time and IГўв‚¬в„ўm so thankful for being here. I needed some re-awakening. The food is excellent. Today we had large veal chops & mashed potatoes for dinner, and scrambled eggs for supper with lettuce and tomato salad. We eat and eat and IГўв‚¬в„ўm still hungry. This afternoon I had cookies & cake & 3 doughnuts & went to supper hungry. Must be the mountain air!","Swanberg, Beth",221 KB,"World War, 1939Гўв‚¬вЂњ1945Гўв‚¬вЂќPersonal narratives; Camps; Religious education; WomenГўв‚¬вЂќCorrespondence; Letters","Personal digitized collection of family correspondence, Marg and Sam, by Beth Swanberg, daughter of Marg and Sam","Marg and Sam Letters, 1945 (Digital Collection)",Recipient has complete and total authority over these data files and their reproduction/distribution as per creator's written permission.,photograph,English,,
hs33,hs33.JPG,"Skillbred, Margaret","Page, ND 6b",2,4,image/jpg,Meeting plan,12/7/1945,"They have room so that we can stay until Sunday aft. Are you planning to come down for the day? Or donГўв‚¬в„ўt you know that Olga thought of a plan for doing that? If you do, weГўв‚¬в„ўll be happy to see you. If you donГўв‚¬в„ўt, we will come to Fergus on the evening bus at 8:30. ThatГўв‚¬в„ўs the 1st bus we can get out of here. ItГўв‚¬в„ўs the same bus I came on from Millman[?], remember? If youГўв‚¬в„ўd like to, or if the Dodge can make it, & you canГўв‚¬в„ўt get here but can to Fergus, OK. If not weГўв‚¬в„ўll stay overnight & come out in the morning. You see, IГўв‚¬в„ўm still planning on a few days more in Minnesota. Marvin & Esther plan to come for Sunday & Nora will go with them.","Swanberg, Beth",174 KB,"World War, 1939Гўв‚¬вЂњ1945Гўв‚¬вЂќPersonal narratives; TransportationГўв‚¬вЂќUnited States; CourtshipГўв‚¬вЂќUnited States; WomenГўв‚¬вЂќCorrespondence; Letters","Personal digitized collection of family correspondence, Marg and Sam, by Beth Swanberg, daughter of Marg and Sam","Marg and Sam Letters, 1945 (Digital Collection)",Recipient has complete and total authority over these data files and their reproduction/distribution as per creator's written permission.,photograph,English,,
hs34,hs34.JPG,"Skillbred, Margaret","Page, ND 6c",3,4,image/jpg,Summer,12/7/1945,"So far I havenГўв‚¬в„ўt learned to swim, and yesterday the white caps were so close & high that I tried floating & filled nose, eyes & ears so gave up. Want another job? ThatГўв‚¬в„ўll make 3 Гўв‚¬вЂњ skating, driving, & swimming and IГўв‚¬в„ўll never be efficient in any, maybe. And that isnГўв‚¬в„ўt a dig at the teacher! Are tired of the scrawl? Just a few more lines. YouГўв‚¬в„ўre busy & I shouldnГўв‚¬в„ўt take your time, huh? You know, every time some one of the pastors says something especially interesting I wish you could hear it & every time I see something especially nice I wish you could too. Both happen quite often. Do you feel it?","Swanberg, Beth",243 KB,"World War, 1939Гўв‚¬вЂњ1945Гўв‚¬вЂќPersonal narratives; Recreation; CourtshipГўв‚¬вЂќUnited States; ReligionГўв‚¬вЂќChristian life; Letters","Personal digitized collection of family correspondence, Marg and Sam, by Beth Swanberg, daughter of Marg and Sam","Marg and Sam Letters, 1945 (Digital Collection)",Recipient has complete and total authority over these data files and their reproduction/distribution as per creator's written permission.,photograph,English,,
hs35,hs35.JPG,"Skillbred, Margaret","Page, ND 6d",4,4,image/jpg,Affection,12/7/1945,"Another page Гўв‚¬вЂњ oof! Last night 7 of us ate an 18-person watermelon!! We didnГўв‚¬в„ўt feel too hot afterward. Was fun though. Now I gotta get ready for service. Nora & Rubye have a pile of company Гўв‚¬вЂњ the walls vibrate. Bye till Sunday or Monday. Hope itГўв‚¬в„ўs Sunday but donГўв‚¬в„ўt worry if it isnГўв‚¬в„ўt. Yours, Marg","Swanberg, Beth",161 KB,"World War, 1939Гўв‚¬вЂњ1945Гўв‚¬вЂќPersonal narratives; Social life and customs; WomenГўв‚¬вЂќCorrespondence; ReligionГўв‚¬вЂќChurch activities; Letters (correspondence)","Personal digitized collection of family correspondence, Marg and Sam, by Beth Swanberg, daughter of Marg and Sam","Marg and Sam Letters, 1945 (Digital Collection)",Recipient has complete and total authority over these data files and their reproduction/distribution as per creator's written permission.,photograph,English,,
hs36,hs36.JPG,"Skillbred, Margaret","Page, ND 7a",1,2,image/jpg,Summer,25/07/1945,"Page, N.D. July 25, 1945 Dear Sam, Yes, IГўв‚¬в„ўm home again. And N.D. is just as hot as Minnesota. I came on the train yesterday morning and the folks were on hand to meet. They must have been lonesome, huh? Rev. Tang and I missed the bus from Fergus to Fargo by about 10 minutes. Everetta didnГўв‚¬в„ўt think they would pull out before we got in but they did, so Mr. Elliot took us to Detroit Lakes and we had 1Г‚Вѕ hr. wait there but got into Fargo 3 hrs. sooner than if weГўв‚¬в„ўd waited in Fergus. But was it hot! We had to stand part of the way from D.L. to Fargo so it was a relief to really get out into a cool depot. I called mother and got a very welcome reception and an apology for the hurried and sharp call of last Thursday. She was in a hurry; must have been. Anyway, all was well. Then I went to spend the night with a friend who has a basement apartment. Smart of me to pick a cool place, donГўв‚¬в„ўt you think? The train on Tues. morning was to leave at 7, but left at 8 so I didnГўв‚¬в„ўt have to hurry.","Swanberg, Beth",258 KB,"World War, 1939Гўв‚¬вЂњ1945Гўв‚¬вЂќPersonal narratives; TransportationГўв‚¬вЂќUnited States; WomenГўв‚¬вЂќCorrespondence; TravelГўв‚¬вЂќUnited States; Letters","Personal digitized collection of family correspondence, Marg and Sam, by Beth Swanberg, daughter of Marg and Sam","Marg and Sam Letters, 1945 (Digital Collection)",Recipient has complete and total authority over these data files and their reproduction/distribution as per creator's written permission.,photograph,English,,
hs37,hs37.JPG,"Skillbred, Margaret","Page, ND 7b",2,2,image/jpg,Family business,25/07/1945,"We heard from Bernetta but she was still in France at that time, and expected to spend anywhere from 40-60 days on the water, so they must be going quite a way. Today we wash clothes. Yesterday we cleaned. Oh yes, I came home to find that we are moving again before Christmas! The parsonage is being remodeled finally so we move whenever it is ready. The crops are pretty fair, according to Pop. They begin harvesting next week. You should see the spuds & sweet corn in our back yard! They are really nice. The corn is nearly shoulder high. Must be the soil; canГўв‚¬в„ўt be the gardeners. Are you still stacking hay? Yes, I know, thereГўв‚¬в„ўs plenty of it. Have fun. Tell Carl hello, and Walt, if heГўв‚¬в„ўs still with you. Thanks so much, Sam, for the nice time. It was a wonderful time, so nice that I might come again next year! Now I gotta go scrub clothes. ItГўв‚¬в„ўs still mid-morning you see. Гўв‚¬ЛњBye for now. The 4th of Sept. will come sooner than I think, maybe. Love, Margaret","Swanberg, Beth",209 KB,"World War, 1939Гўв‚¬вЂњ1945Гўв‚¬вЂќPersonal narratives; Domestic lifeГўв‚¬вЂќNorth Dakota; AgricultureГўв‚¬вЂќNorth Dakota; FamiliesГўв‚¬вЂќCorrespondence; Letters","Personal digitized collection of family correspondence, Marg and Sam, by Beth Swanberg, daughter of Marg and Sam","Marg and Sam Letters, 1945 (Digital Collection)",Recipient has complete and total authority over these data files and their reproduction/distribution as per creator's written permission.,photograph,English,,
hs38,hs38.JPG,"Skillbred, Margaret","Page, ND 8a",1,4,image/jpg,Affection,26/07/1945,"Page, N.D. July 26, 1945 Dearest Sam, This is more than you bargained for Гўв‚¬вЂњ every day for 2 days! YouГўв‚¬в„ўll just have to stand it. I guess I spoke too soon about shoulder high corn. This morning we had an awful wind & rain storm which knocked most of the corn around here flat as pancakes. Now, at 6 p.m., we are having another terrific rain, with small hail. They were trying to hay around here too. It was plenty dry so guess we canГўв‚¬в„ўt complain. Today we ironed and entertained again. Every day since Monday weГўв‚¬в„ўve had visitors every afternoon. Sort of interrupts the day. What a rain Гўв‚¬вЂњ straight down and white as a sheet. Still coming. Oh yes. I burned my knuckles while ironing. Just ran them along the side of iron while dreaming","Swanberg, Beth",227 KB,"World War, 1939Гўв‚¬вЂњ1945Гўв‚¬вЂќPersonal narratives; WeatherГўв‚¬вЂќNorth Dakota; Domestic lifeГўв‚¬вЂќNorth Dakota; WomenГўв‚¬вЂќCorrespondence; Letters","Personal digitized collection of family correspondence, Marg and Sam, by Beth Swanberg, daughter of Marg and Sam","Marg and Sam Letters, 1945 (Digital Collection)",Recipient has complete and total authority over these data files and their reproduction/distribution as per creator's written permission.,photograph,English,,
hs39,hs39.JPG,"Skillbred, Margaret","Page, ND 8b",2,4,image/jpg,Affection,26/07/1945,"about something. Want to take a guess? Umhuh, I still think about what a nice time I had. Dad just asked what kind of cows you had and how many. ItГўв‚¬в„ўs the only kind to have, I was told. HeГўв‚¬в„ўd also like to milk about 7 of them. Wonder how the cows would behave. Poor things! Dad has a bad ankle and plugs out too soon lately. His foot is quite swollen. Mother has a very stiff neck & arm. Are they rheumatic or just getting old? We still laugh most of the day though. This morning they spent a couple of hours going over a box of TootsГўв‚¬в„ў things which came the other morning.","Swanberg, Beth",252 KB,"World War, 1939Гўв‚¬вЂњ1945Гўв‚¬вЂќPersonal narratives; FamiliesГўв‚¬вЂќCorrespondence; Domestic lifeГўв‚¬вЂќNorth Dakota; CourtshipГўв‚¬вЂќUnited States; Letters","Personal digitized collection of family correspondence, Marg and Sam, by Beth Swanberg, daughter of Marg and Sam","Marg and Sam Letters, 1945 (Digital Collection)",Recipient has complete and total authority over these data files and their reproduction/distribution as per creator's written permission.,photograph,English,,
hs41,hs41.JPG,"Skillbred, Margaret","Page, ND 8d",4,4,image/jpg,Winston Churchill,26/07/1945,"What do you suppose will happen now that Churchill, too, is out of office. ItГўв‚¬в„ўs too bad that both leaders had to go at such a crucial time but that was supposed to be for the best, what? Now IГўв‚¬в„ўd better go & get busy again. The rain is calming down. Dad says to tell you Гўв‚¬Е“helloГўв‚¬Вќ and Mom says she sends you her sympathy! ThatГўв‚¬в„ўs what she thinks of me! I send you all of my love as usual, even when I forget to say so. You know, IГўв‚¬в„ўve thanked God every day for quite some time that He sent you along my way. I ran across this prayer in a prayer book for Lutherans. ItГўв‚¬в„ўs for one in Love Гўв‚¬вЂњ could it be us? Гўв‚¬Е“O Lord, if it be Thy will, grant, I beseech Thee, that we two may understand each other better and better, and love each other sincerely. Above all, give us grace to keep","Swanberg, Beth",145 KB,"World War, 1939Гўв‚¬вЂњ1945Гўв‚¬вЂќPersonal narratives; AgricultureГўв‚¬вЂќMinnesota; Rural lifeГўв‚¬вЂќMinnesota; MenГўв‚¬вЂќCorrespondence; Letters","Personal digitized collection of family correspondence, Marg and Sam, by Beth Swanberg, daughter of Marg and Sam","Marg and Sam Letters, 1945 (Digital Collection)",Recipient has complete and total authority over these data files and their reproduction/distribution as per creator's written permission.,photograph,English,,
hs42,hs42a.JPG,"Halvorson, Selmer","Vining, MN 6a",1,2,image/jpg,Longing,28/07/1945,I miss you much Marg. Got used to having you around a while you know. That was wonderful no fooling. YouГўв‚¬в„ўre good for me thatГўв‚¬в„ўs for sure. May He keep you as you are forever. Thanks for the greeting from your folks. You tell them both Hello from me too. Tell your Mom not to feel sorry for me. Because I know I am lucky. Will try have the car fixed this week. So I just might be out there sometime for about three hrs. or so.,"Swanberg, Beth",202 KB,"World War, 1939Гўв‚¬вЂњ1945Гўв‚¬вЂќPersonal narratives; CourtshipГўв‚¬вЂќUnited States; TransportationГўв‚¬вЂќUnited States; MenГўв‚¬вЂќCorrespondence; Letters","Personal digitized collection of family correspondence, Marg and Sam, by Beth Swanberg, daughter of Marg and Sam","Marg and Sam Letters, 1945 (Digital Collection)",Recipient has complete and total authority over these data files and their reproduction/distribution as per creator's written permission.,photograph,English,,
hs42b,hs42b.JPG,"Halvorson, Selmer","Vining, MN 6a",1,2,image/jpg,Longing,28/07/1945,"Thee in our hearts as our Friend and Guide. I ask this for the sake of Jesus, my Lord and Savior. Amen. Goodnight, Marg","Swanberg, Beth",203 KB,"World War, 1939Гўв‚¬вЂњ1945Гўв‚¬вЂќPersonal narratives; CourtshipГўв‚¬вЂќUnited States; TransportationГўв‚¬вЂќUnited States; MenГўв‚¬вЂќCorrespondence; Letters","Personal digitized collection of family correspondence, Marg and Sam, by Beth Swanberg, daughter of Marg and Sam","Marg and Sam Letters, 1945 (Digital Collection)",Recipient has complete and total authority over these data files and their reproduction/distribution as per creator's written permission.,photograph,English,,
hs44,hs44.JPG,"Skillbred, Margaret","Page, ND 9a",1,4,image/jpg,Longing,30/07/1945,"Page, N.D. July 30, 1945 Dear Sam, Here I am again. And I havenГўв‚¬в„ўt heard from you yet. I shore do hope to tomorrow. DonГўв‚¬в„ўt worry; I know youГўв‚¬в„ўre busy, and tired when you arenГўв‚¬в„ўt. But I do get lonesome once in a while. Today was hot! WeГўв‚¬в„ўre getting used to it though. I baked most of the day Гўв‚¬вЂњ 2 cakes and bread. Yep, and even the bread was fit to eat. If people donГўв‚¬в„ўt watch me IГўв‚¬в„ўm ok, I hope. Still willing to risk your, shall we say life, on it? IГўв‚¬в„ўll taste everything first. Then if I fall over, you lay off. See? Yesterday was one long day. Dad had services","Swanberg, Beth",188 KB,"World War, 1939Гўв‚¬вЂњ1945Гўв‚¬вЂќPersonal narratives; FamiliesГўв‚¬вЂќCorrespondence; CourtshipГўв‚¬вЂќUnited States; Rural lifeГўв‚¬вЂќNorth Dakota; Letters","Personal digitized collection of family correspondence, Marg and Sam, by Beth Swanberg, daughter of Marg and Sam","Marg and Sam Letters, 1945 (Digital Collection)",Recipient has complete and total authority over these data files and their reproduction/distribution as per creator's written permission.,photograph,English,,
hs45,hs45.JPG,"Skillbred, Margaret","Page, ND 9b",2,4,image/jpg,Weekend,30/07/1945,"in Ayr and Buffalo so we didnГўв‚¬в„ўt have any here. Mom and I slept late and then read and read and ate and wrote. Nice, lazy day. We had company in the evening. Oh yes, I told Mom and Dad I expected to leave them for a farm some day, and according to Mom, if IГўв‚¬в„ўm happy and content, thatГўв‚¬в„ўs fine! Do you feel any better? I do. Get someone to milk those cows just once some day and fly out. Now, IГўв‚¬в„ўm a-talking through my hat again. Wishful thinking. MomГўв‚¬в„ўs birthday is in a couple of weeks and I plan to ask 2 of her faithful friends, one from Wyndmere and one from Fargo, to come & spend the weekend with her.","Swanberg, Beth",253 KB,"World War, 1939Гўв‚¬вЂњ1945Гўв‚¬вЂќPersonal narratives; AgricultureГўв‚¬вЂќNorth Dakota; FamiliesГўв‚¬вЂќCorrespondence; CourtshipГўв‚¬вЂќUnited States; Letters","Personal digitized collection of family correspondence, Marg and Sam, by Beth Swanberg, daughter of Marg and Sam","Marg and Sam Letters, 1945 (Digital Collection)",Recipient has complete and total authority over these data files and their reproduction/distribution as per creator's written permission.,photograph,English,,
hs46,hs46.JPG,"Skillbred, Margaret","Page, ND 9c",3,4,image/jpg,Family business,30/07/1945,"I keep looking through the redeployment lists in the Fargo Forum every evening to see whether Howard Uhren is on his way home. So far, no! Say, the hail ruined whole sections around Buffalo last week. Most of Page county is all right. Even our corn is standing up again, and today Mom dug 2 small hills of potatoes and found 16 pretty good sized spuds. Dad was right proud.","Swanberg, Beth",255 KB,"World War, 1939Гўв‚¬вЂњ1945Гўв‚¬вЂќPersonal narratives; AgricultureГўв‚¬вЂќMinnesota; MenГўв‚¬вЂќCorrespondence; CourtshipГўв‚¬вЂќUnited States; Letters","Personal digitized collection of family correspondence, Marg and Sam, by Beth Swanberg, daughter of Marg and Sam","Marg and Sam Letters, 1945 (Digital Collection)",Recipient has complete and total authority over these data files and their reproduction/distribution as per creator's written permission.,photograph,English,,
hs47,hs47.JPG,"Skillbred, Margaret","Page, ND 9d",4,4,image/jpg,Family business,30/07/1945,"Of course he made them grow! I didnГўв‚¬в„ўt mean that. HowГўв‚¬в„ўs your Dad. Tell him hi, if you feel like mentioning it. Also Lily (I like her) and Carl, if you care to. Now I have to go and eat. Always, IГўв‚¬в„ўm eating. Have you begun harvesting yet? Or does the hay keep you busy? Гўв‚¬ЛњBye for now Гўв‚¬вЂњ Even in the heat Гўв‚¬вЂњ I love you. Marg","Swanberg, Beth",92.8 KB,"World War, 1939Гўв‚¬вЂњ1945Гўв‚¬вЂќPersonal narratives; WeatherГўв‚¬вЂќNorth Dakota; AgricultureГўв‚¬вЂќNorth Dakota; WomenГўв‚¬вЂќCorrespondence; Letters","Personal digitized collection of family correspondence, Marg and Sam, by Beth Swanberg, daughter of Marg and Sam","Marg and Sam Letters, 1945 (Digital Collection)",Recipient has complete and total authority over these data files and their reproduction/distribution as per creator's written permission.,photograph,English,,
hs48,hs48.JPG,"Halvorson, Selmer","Vining, MN 7a",1,1,image/jpg,Affection,2/8/1945,"Vining, Minn. Aug. 2, 1945 Sweetheart Thanks a lot for the letters. You are doing fine. They really help thatГўв‚¬в„ўs for sure. Make a long day seem shorter and things like that. I love you more and more every day if thatГўв‚¬в„ўs possible. I think of you much you know, even when you donГўв‚¬в„ўt hear from me. Nice things to you know. Started harvest today. Down at ChristensonГўв‚¬в„ўs. So will be working there for a while now. We still didnГўв‚¬в„ўt finish haying down on them meadows. So weГўв‚¬в„ўll have to do that after harvest. You will probably in on some of it yet. Be fun wouldnГўв‚¬в„ўt it. Carl sayГўв‚¬в„ўs thanks for the greeting and hello. We are still getting along alright after all that hay. IГўв‚¬в„ўll have to make this short. The rest of the family are going to bed. So IГўв‚¬в„ўll have to do the same. ItГўв‚¬в„ўs 12:30. Love Sam","Swanberg, Beth",783.7 KB,"World War, 1939Гўв‚¬вЂњ1945Гўв‚¬вЂќPersonal narratives; AgricultureГўв‚¬вЂќMinnesota; Rural lifeГўв‚¬вЂќMinnesota; MenГўв‚¬вЂќCorrespondence; Letters","Personal digitized collection of family correspondence, Marg and Sam, by Beth Swanberg, daughter of Marg and Sam","Marg and Sam Letters, 1945 (Digital Collection)",Recipient has complete and total authority over these data files and their reproduction/distribution as per creator's written permission.,photograph,English,,
hs49,hs49.JPG,"Skillbred, Margaret","Page, ND 10a",1,3,image/jpg,Affection,3/8/1945,"Page, N.D. August 3, 1945 Dearest Sam, Your last letter came at noon today. Quick service. And it was welcome! I was doing the stair-way when Dad brought the mail so I sat myself","Swanberg, Beth",256 KB,"World War, 1939Гўв‚¬вЂњ1945Гўв‚¬вЂќPersonal narratives; Domestic lifeГўв‚¬вЂќNorth Dakota; WomenГўв‚¬вЂќCorrespondence; FamiliesГўв‚¬вЂќCorrespondence; Letters","Personal digitized collection of family correspondence, Marg and Sam, by Beth Swanberg, daughter of Marg and Sam","Marg and Sam Letters, 1945 (Digital Collection)",Recipient has complete and total authority over these data files and their reproduction/distribution as per creator's written permission.,photograph,English,,
photo01,children_and_grands.jpeg,,,,1,image/jpeg,,,,,,,,,,,,,
photo02,marriage_announcement.jpeg,,,,1,image/jpeg,,,,,,,,,,,,,
photo03,yard_work.jpeg,,,,1,image/jpeg,,,,,,,,,,,,,
